"exposure","outcome","beta_primary","fdr_primary","n_primary","dir_primary","exp_label","out_label","chem_class","out_domain","type","beta_val","se_val","p_val","n_val","df_val","status","dir_val","direction_match","val_nominal","val_suggestive","validated","suggestive_val"
"log_LBXBMN","LBXRBCSI",0.229889235195294,0.023533295411606,4873,"Positive","Blood manganese","RBC count","Heavy metals","Hematology","continuous",-0.048681397640471,0.0410268499331267,0.269435411224928,2404,8,"ok","Negative",FALSE,FALSE,FALSE,FALSE,FALSE
"log_LBXBSE","LBXHGB",2.16038246886584,0.023533295411606,4873,"Positive","Blood selenium","Hemoglobin","Heavy metals","Hematology","continuous",2.77740320565012,0.451850282090564,0.000274978746674684,2404,8,"ok","Positive",TRUE,TRUE,TRUE,TRUE,FALSE
"log_URXUP8","LBXSBU",1.21056984766288,0.023533295411606,1579,"Positive","Urinary perchlorate","BUN","Urinary elements","Kidney","continuous",0.656948021432121,0.186813872749299,0.00788513533184058,1560,8,"ok","Positive",TRUE,TRUE,TRUE,TRUE,FALSE
"log_URXMOH","LBXSTB",-0.0626700224601017,0.0242935217095206,1580,"Negative","MEOHP (phthalate)","Total bilirubin","Phthalates","Liver","continuous",NA,NA,NA,NA,NA,"model_failed",NA,NA,FALSE,FALSE,FALSE,FALSE
"log_LBXBGM","LBXSAPSI",-2.84151058542693,0.0242935217095206,4834,"Negative","Methylmercury (blood)","Alk Phosphatase","Heavy metals","Liver","continuous",-1.8313692264723,0.234188759286719,5.14191052125209e-05,2376,8,"ok","Negative",TRUE,TRUE,TRUE,TRUE,FALSE
"log_LBXBMN","BMXWAIST",7.16341135638076,0.0242935217095206,4693,"Positive","Blood manganese","Waist circumference","Heavy metals","Anthropometric","continuous",2.89304611369211,1.09550101377088,0.0268766135671484,2308,9,"ok","Positive",TRUE,TRUE,TRUE,TRUE,FALSE
"log_URXMHH","LBXSTB",-0.0634451514261317,0.0242935217095206,1580,"Negative","MEHHP (phthalate)","Total bilirubin","Phthalates","Liver","continuous",NA,NA,NA,NA,NA,"model_failed",NA,NA,FALSE,FALSE,FALSE,FALSE
"log_LBXBSE","LBXTC",39.5894816211541,0.0291355806351876,4855,"Positive","Blood selenium","Total cholesterol","Heavy metals","Metabolic","continuous",51.3762574026716,12.3883326598434,0.00322156893419759,2383,8,"ok","Positive",TRUE,TRUE,TRUE,TRUE,FALSE
"log_LBXBMN","BMXBMI",2.58502817280921,0.0302352946567592,4876,"Positive","Blood manganese","BMI","Heavy metals","Anthropometric","continuous",2.34950180245658,0.577299115483745,0.00280041339379464,2414,9,"ok","Positive",TRUE,TRUE,TRUE,TRUE,FALSE
"log_LBXBPB","BMXWAIST",-4.35211828713584,0.0302352946567592,4693,"Negative","Blood lead","Waist circumference","Heavy metals","Anthropometric","continuous",-3.78194650357804,0.91076691961508,0.00247521422831898,2309,9,"ok","Negative",TRUE,TRUE,TRUE,TRUE,FALSE
"log_URXUPB","eGFR",6.54916901125223,0.0302352946567592,1589,"Positive","Urinary lead","eGFR (kidney)","Urinary metals/elements","Kidney","continuous",-0.784532743180657,0.408655752899143,0.0911452210552898,1565,8,"ok","Negative",FALSE,FALSE,TRUE,FALSE,FALSE
"log_LBXBPB","BMXBMI",-1.94585455197195,0.0302352946567592,4876,"Negative","Blood lead","BMI","Heavy metals","Anthropometric","continuous",-2.18824931052311,0.35713299951241,0.000173419626656597,2415,9,"ok","Negative",TRUE,TRUE,TRUE,TRUE,FALSE
"log_LBXTHG","log_LBXSAPSI",-0.0368869769949993,0.0302352946567592,4833,"Negative","Blood mercury (total)","Alk Phosphatase (log)","Heavy metals","Liver","continuous",-0.0328877473066621,0.00562231670903039,0.000382994261740084,2379,8,"ok","Negative",TRUE,TRUE,TRUE,TRUE,FALSE
"log_URXUDMA","LBXSUA",0.201549960921666,0.0302352946567592,1593,"Positive","Dimethylarsonic acid (urinary)","Uric acid","Urinary metals/elements","Metabolic","continuous",0.205763484313701,0.0502834168188068,0.00347561200728494,1575,8,"ok","Positive",TRUE,TRUE,TRUE,TRUE,FALSE
"log_URXUCS","eGFR",9.78196418579374,0.0302352946567592,1589,"Positive","Urinary cesium","eGFR (kidney)","Urinary metals/elements","Kidney","continuous",-0.181608977993973,0.779087591158405,0.821533692990592,1565,8,"ok","Negative",FALSE,FALSE,FALSE,FALSE,FALSE
"log_SSGLYP","LBXSBU",1.21963698568042,0.0311559984851665,1371,"Positive","Glyphosate (surplus serum)","BUN","Surplus serum","Kidney","continuous",NA,NA,NA,NA,NA,"exposure_missing",NA,NA,FALSE,FALSE,FALSE,FALSE
"log_LBXBSE","LBXRBCSI",0.550648665661438,0.0311559984851665,4873,"Positive","Blood selenium","RBC count","Heavy metals","Hematology","continuous",0.666897184092929,0.151405453938345,0.00227240473364707,2404,8,"ok","Positive",TRUE,TRUE,TRUE,TRUE,FALSE
"log_LBXBPB","LBXTC",9.10206678879978,0.0316472678571849,4855,"Positive","Blood lead","Total cholesterol","Heavy metals","Metabolic","continuous",7.57572371855967,1.10688407271191,0.00013176396482708,2384,8,"ok","Positive",TRUE,TRUE,TRUE,TRUE,FALSE
"log_URXUTL","eGFR",7.68382733494537,0.0316472678571849,1589,"Positive","Urinary thallium","eGFR (kidney)","Urinary metals/elements","Kidney","continuous",0.0568675515612431,0.753597546512603,0.941700514676234,1565,8,"ok","Positive",TRUE,FALSE,FALSE,FALSE,FALSE
"log_LBXBGM","BMXWAIST",-1.78258170566132,0.0316472678571849,4693,"Negative","Methylmercury (blood)","Waist circumference","Heavy metals","Anthropometric","continuous",-1.29499720177877,0.535275504949288,0.0386543682982403,2304,9,"ok","Negative",TRUE,TRUE,TRUE,TRUE,FALSE
"log_URXOXY","eGFR",3.22550881132924,0.036222744796443,1589,"Positive","Oxychlordane (urinary)","eGFR (kidney)","VOC metabolites","Kidney","continuous",NA,NA,NA,NA,NA,"exposure_missing",NA,NA,FALSE,FALSE,FALSE,FALSE
"log_URXUCD","LBXSBU",-1.02293388958937,0.036222744796443,1589,"Negative","Urinary cadmium","BUN","Urinary metals/elements","Kidney","continuous",-0.080250132300415,0.156985844200738,0.623021679621338,1565,8,"ok","Negative",TRUE,FALSE,FALSE,FALSE,FALSE
"log_SSGLYP","LBXSCLSI",0.455408806803899,0.036222744796443,1374,"Positive","Glyphosate (surplus serum)","Chloride","Surplus serum","Other","continuous",NA,NA,NA,NA,NA,"exposure_missing",NA,NA,FALSE,FALSE,FALSE,FALSE
"log_LBXBPB","LBXGH",-0.189035197919653,0.0385239400318864,4874,"Negative","Blood lead","HbA1c","Heavy metals","Metabolic","continuous",-0.0711581416769347,0.0221794877626353,0.0124563197086152,2411,8,"ok","Negative",TRUE,TRUE,TRUE,TRUE,FALSE
"log_URXUCO","eGFR",3.75108645953934,0.0385239400318864,1589,"Positive","Urinary cobalt","eGFR (kidney)","Urinary metals/elements","Kidney","continuous",0.722688869635086,0.391436651230533,0.102062664395026,1565,8,"ok","Positive",TRUE,FALSE,FALSE,FALSE,FALSE
"log_URXUIO","BMXBMI",1.17730887940372,0.0472103246538315,1600,"Positive","Urinary iodine","BMI","Urinary elements","Anthropometric","continuous",0.862476174666484,0.212249501740473,0.00282705843346526,1667,9,"ok","Positive",TRUE,TRUE,TRUE,TRUE,FALSE
